{
  "project_info": {
    "project_number": "192504979660",
    "firebase_url": "https://placement-71de9.firebaseio.com",
    "project_id": "placement-71de9",
    "storage_bucket": "placement-71de9.appspot.com"
  },
  "client": [
    {
      "client_info": {
        "mobilesdk_app_id": "1:192504979660:android:b5a31e5feef49423",
        "android_client_info": {
          "package_name": "com.example.msit_placement"
        }
      },
      "oauth_client": [
        {
          "client_id": "192504979660-93ushpbbr4p431o6bebfil7e4u858gcq.apps.googleusercontent.com",
          "client_type": 1,
          "android_info": {
            "package_name": "com.example.msit_placement",
            "certificate_hash": "5bda0dd7d6f8b24c3fde0a90d24d58a9c7cb03e8"
          }
        },
        {
          "client_id": "192504979660-760t1mhl3l1ifdq910jpo7cq9p5419jh.apps.googleusercontent.com",
          "client_type": 3
        }
      ],
      "api_key": [
        {
          "current_key": "AIzaSyASv0Pjp5mJz0_NNF1KSB02_uqHb0a-0_M"
        }
      ],
      "services": {
        "analytics_service": {
          "status": 1
        },
        "appinvite_service": {
          "status": 2,
          "other_platform_oauth_client": [
            {
              "client_id": "192504979660-760t1mhl3l1ifdq910jpo7cq9p5419jh.apps.googleusercontent.com",
              "client_type": 3
            }
          ]
        },
        "ads_service": {
          "status": 2
        }
      }
    }
  ],
  "configuration_version": "1"
}